,Date,FPT_Close,FPT_Volume,HPG_Close,HPG_Volume,VCB_Close,VCB_Volume,TCB_Close,TCB_Volume,MWG_Close,MWG_Volume
0,2019-01-01,13053.306640625,0,7274.7392578125,0,34487.13671875,0.0,24480.181640625,0.0,25387.888671875,0.0
24,2019-02-04,13177.03515625,0,6416.81396484375,0,36421.0,0.0,25560.880859375,0.0,24388.828125,0.0
25,2019-02-05,13177.03515625,0,6416.81396484375,0,36421.0,0.0,25560.880859375,0.0,24388.828125,0.0
26,2019-02-06,13177.03515625,0,6416.81396484375,0,36421.0,0.0,25560.880859375,0.0,24388.828125,0.0
27,2019-02-07,13177.03515625,0,6416.81396484375,0,36421.0,0.0,25560.880859375,0.0,24388.828125,0.0
28,2019-02-08,13177.03515625,0,6416.81396484375,0,36421.0,0.0,25560.880859375,0.0,24388.828125,0.0
74,2019-04-15,14909.2294921875,0,7533.29296875,0,43834.11328125,0.0,23399.482421875,0.0,24241.904296875,0.0
84,2019-04-29,15326.810546875,0,7897.6171875,0,43769.65234375,0.0,22694.6796875,0.0,24947.12109375,0.0
85,2019-04-30,15326.810546875,0,7897.6171875,0,43769.65234375,0.0,22694.6796875,0.0,24947.12109375,0.0
86,2019-05-01,15326.810546875,0,7897.6171875,0,43769.65234375,0.0,22694.6796875,0.0,24947.12109375,0.0
174,2019-09-02,18830.701171875,0,6783.4892578125,0,49506.76953125,0.0,20204.37109375,0.0,36816.359375,0.0
258,2020-01-01,20674.765625,0,7180.72021484375,0,58490.515625,0.0,22130.833984375,0.0,35903.03125,0.0
274,2020-01-23,20036.43359375,0,8036.294921875,0,60565.5703125,0.0,22741.6640625,0.0,37540.71484375,0.0
275,2020-01-24,20036.43359375,0,8036.294921875,0,60565.5703125,0.0,22741.6640625,0.0,37540.71484375,0.0
276,2020-01-27,20036.43359375,0,8036.294921875,0,60565.5703125,0.0,22741.6640625,0.0,37540.71484375,0.0
277,2020-01-28,20036.43359375,0,8036.294921875,0,60565.5703125,0.0,22741.6640625,0.0,37540.71484375,0.0
278,2020-01-29,20036.43359375,0,8036.294921875,0,60565.5703125,0.0,22741.6640625,0.0,37540.71484375,0.0
323,2020-04-02,15000.728515625,0,5270.9541015625,0,42149.484375,0.0,14565.9423828125,0.0,19274.259765625,0.0
343,2020-04-30,18015.05859375,0,6569.59521484375,0,43446.38671875,0.0,16069.5224609375,0.0,25730.509765625,0.0
344,2020-05-01,18015.05859375,0,6569.59521484375,0,43446.38671875,0.0,16069.5224609375,0.0,25730.509765625,0.0
432,2020-09-02,21174.34765625,0,9262.8818359375,0,53821.6484375,0.0,20392.318359375,0.0,29541.26953125,0.0
519,2021-01-01,25078.23828125,0,15481.7119140625,0,63828.96484375,0.0,29601.755859375,0.0,37971.671875,0.0
547,2021-02-10,30255.130859375,0,15276.2861328125,0,61351.4375,0.0,32890.83984375,0.0,41037.51171875,0.0
548,2021-02-11,30255.130859375,0,15276.2861328125,0,61351.4375,0.0,32890.83984375,0.0,41037.51171875,0.0
549,2021-02-12,30255.130859375,0,15276.2861328125,0,61351.4375,0.0,32890.83984375,0.0,41037.51171875,0.0
550,2021-02-15,30255.130859375,0,15276.2861328125,0,61351.4375,0.0,32890.83984375,0.0,41037.51171875,0.0
551,2021-02-16,30255.130859375,0,15276.2861328125,0,61351.4375,0.0,32890.83984375,0.0,41037.51171875,0.0
597,2021-04-21,35177.42578125,0,21364.388671875,0,67154.0625,0.0,38670.2265625,0.0,45508.5234375,0.0
604,2021-04-30,34328.75390625,0,21700.54296875,0,65198.12109375,0.0,38529.265625,0.0,44997.55859375,0.0
605,2021-05-03,34328.75390625,0,21700.54296875,0,65198.12109375,0.0,38529.265625,0.0,44997.55859375,0.0
693,2021-09-02,46039.85546875,0,25060.185546875,0,64806.93359375,0.0,45389.359375,0.0,53031.671875,0.0
694,2021-09-03,46039.85546875,0,25060.185546875,0,64806.93359375,0.0,45389.359375,0.0,53031.671875,0.0
780,2022-01-03,46338.82421875,0,23633.994140625,0,66241.9375,0.0,46986.91015625,0.0,65399.3203125,0.0
800,2022-01-31,44594.88671875,0,21494.7109375,0,74816.40625,0.0,49618.1796875,0.0,63763.12890625,0.0
801,2022-02-01,44594.88671875,0,21494.7109375,0,74816.40625,0.0,49618.1796875,0.0,63763.12890625,0.0
802,2022-02-02,44594.88671875,0,21494.7109375,0,74816.40625,0.0,49618.1796875,0.0,63763.12890625,0.0
803,2022-02-03,44594.88671875,0,21494.7109375,0,74816.40625,0.0,49618.1796875,0.0,63763.12890625,0.0
804,2022-02-04,44594.88671875,0,21494.7109375,0,74816.40625,0.0,49618.1796875,0.0,63763.12890625,0.0
850,2022-04-11,54061.94921875,0,23633.994140625,0,69772.59375,0.0,45906.2109375,0.0,72184.671875,0.0
865,2022-05-02,52318.02734375,0,22055.0,0,68007.2734375,0.0,41348.48046875,0.0,71799.6875,0.0
866,2022-05-03,52318.02734375,0,22055.0,0,68007.2734375,0.0,41348.48046875,0.0,71799.6875,0.0
953,2022-09-01,52959.7265625,0,15555.8359375,0,70613.234375,0.0,36602.8046875,0.0,71685.59375,0.0
954,2022-09-02,52959.7265625,0,15555.8359375,0,70613.234375,0.0,36602.8046875,0.0,71685.59375,0.0
1040,2023-01-02,47027.75390625,0,12174.1318359375,0,67250.6953125,0.0,24292.234375,0.0,41558.2734375,0.0
1054,2023-01-20,51308.5625,0,14304.6044921875,0,78178.9375,0.0,27346.3828125,0.0,44173.828125,0.0
1055,2023-01-23,51308.5625,0,14304.6044921875,0,78178.9375,0.0,27346.3828125,0.0,44173.828125,0.0
1056,2023-01-24,51308.5625,0,14304.6044921875,0,78178.9375,0.0,27346.3828125,0.0,44173.828125,0.0
1057,2023-01-25,51308.5625,0,14304.6044921875,0,78178.9375,0.0,27346.3828125,0.0,44173.828125,0.0
1058,2023-01-26,51308.5625,0,14304.6044921875,0,78178.9375,0.0,27346.3828125,0.0,44173.828125,0.0
1125,2023-05-01,47394.671875,0,14642.7763671875,0,76077.3515625,0.0,27722.279296875,0.0,37973.98828125,0.0
1126,2023-05-02,47394.671875,0,14642.7763671875,0,76077.3515625,0.0,27722.279296875,0.0,37973.98828125,0.0
1127,2023-05-03,47394.671875,0,14642.7763671875,0,76077.3515625,0.0,27722.279296875,0.0,37973.98828125,0.0
1214,2023-09-01,69723.8203125,0,18667.001953125,0,88457.453125,0.0,32420.966796875,0.0,52617.53125,0.0
1215,2023-09-04,69723.8203125,0,18667.001953125,0,88457.453125,0.0,32420.966796875,0.0,52617.53125,0.0
1300,2024-01-01,69291.1875,0,18903.720703125,0,79720.9140625,0.0,29883.67578125,0.0,41859.30078125,0.0
1328,2024-02-08,75636.2734375,0,19038.990234375,0,89350.9609375,0.0,35052.23828125,0.0,45575.78125,0.0
1329,2024-02-09,75636.2734375,0,19038.990234375,0,89350.9609375,0.0,35052.23828125,0.0,45575.78125,0.0
1330,2024-02-12,75636.2734375,0,19038.990234375,0,,,,,,
1331,2024-02-13,75636.2734375,0,19038.990234375,0,,,,,,
1332,2024-02-14,75636.2734375,0,19038.990234375,0,,,,,,
1378,2024-04-18,80611.3984375,0,18937.5390625,0,,,,,,
1385,2024-04-29,88831.15625,0,19208.07421875,0,90542.3046875,0.0,43791.80078125,0.0,53693.35546875,0.0
1386,2024-04-30,88831.15625,0,19208.07421875,0,90542.3046875,0.0,43791.80078125,0.0,53693.35546875,0.0
1387,2024-05-01,88831.15625,0,19208.07421875,0,,,,,,
1475,2024-09-02,112658.75,0,18971.35546875,0,,,,,,
1476,2024-09-03,112658.75,0,18971.35546875,0,,,,,,
1562,2025-01-01,128340.890625,0,19826.927734375,0,,,,,,
1580,2025-01-27,129098.3046875,0,19752.529296875,0,91932.2109375,0.0,23614.8828125,0.0,59246.3046875,0.0
1581,2025-01-28,129098.3046875,0,19752.529296875,0,91932.2109375,0.0,23614.8828125,0.0,59246.3046875,0.0
1582,2025-01-29,129098.3046875,0,19752.529296875,0,91932.2109375,0.0,23614.8828125,0.0,59246.3046875,0.0
1583,2025-01-30,129098.3046875,0,19752.529296875,0,91932.2109375,0.0,23614.8828125,0.0,59246.3046875,0.0
1584,2025-01-31,129098.3046875,0,19752.529296875,0,91932.2109375,0.0,23614.8828125,0.0,59246.3046875,0.0
1630,2025-04-07,95098.4921875,0,18301.779296875,0,,,,,,
1647,2025-04-30,92068.8046875,0,18971.35546875,0,56886.77734375,0.0,25093.794921875,0.0,59936.36328125,0.0
1648,2025-05-01,92068.8046875,0,18971.35546875,0,56886.77734375,0.0,25093.794921875,0.0,59936.36328125,0.0
1649,2025-05-02,92068.8046875,0,18971.35546875,0,56886.77734375,0.0,25093.794921875,0.0,59936.36328125,0.0
1735,2025-09-01,102018.578125,0,24194.05859375,0,68502.3984375,0.0,37783.8125,0.0,77300.0,0.0
1736,2025-09-02,102018.578125,0,24194.05859375,0,68502.3984375,0.0,37783.8125,0.0,77300.0,0.0
1823,2026-01-01,94498.375,0,23569.119140625,0,57500.0,0.0,34181.47265625,0.0,88400.0,0.0
1824,2026-01-02,94498.375,0,23569.119140625,0,57500.0,0.0,34181.47265625,0.0,88400.0,0.0
1855,2026-02-16,94991.578125,0,23970.8671875,0,64400.0,0.0,34720.1484375,0.0,92800.0,0.0
1856,2026-02-17,94991.578125,0,23970.8671875,0,64400.0,0.0,34720.1484375,0.0,92800.0,0.0
1857,2026-02-18,94991.578125,0,23970.8671875,0,64400.0,0.0,34720.1484375,0.0,92800.0,0.0
1858,2026-02-19,94991.578125,0,23970.8671875,0,64400.0,0.0,34720.1484375,0.0,92800.0,0.0
1859,2026-02-20,94991.578125,0,23970.8671875,0,64400.0,0.0,34720.1484375,0.0,92800.0,0.0
1905,2026-04-27,72402.71875,0,24908.275390625,0,60600.0,0.0,33544.8515625,0.0,83500.0,0.0
1908,2026-04-30,74474.1875,0,24774.359375,0,59800.0,0.0,33153.08984375,0.0,84000.0,0.0
1909,2026-05-01,74474.1875,0,24774.359375,0,59800.0,0.0,33153.08984375,0.0,84000.0,0.0
